MaxBW,SumBW
3,9
946.0271428571428,11610.21571428571
6559.17,11519.67
