MaxBW,SumBW
7849.619999999999,96563.50216872017
7690.5599999999995,72704.28133991009
7714.099999999999,74279.1847167277
7085.919999999999,80497.99890342986
7545.92,96015.30586682764
