MaxBW,SumBW
8068.15,116793.5535321068
8197.73,105183.83410569983
7775.179999999999,80936.02832817181
7781.54,118867.29918370521
7620.45,88201.80981521255
